--------------------------------------------------------
--  파일이 생성됨 - 토요일-4월-04-2020   
--------------------------------------------------------
REM INSERTING into APP_USER
SET DEFINE OFF;
Insert into APP_USER (USER_NUM,EMAIL,PW,TEL,USERNAME,GENDER,ADDRESS,BIRTH,CREATED_AT,UPDATED_AT,TYPE,COL1,COL2,COL3) values (1,'test@test.com','admin1234','010-1234-5678','테스트','남','서울',to_date('00/03/06','RR/MM/DD'),to_timestamp('20/03/24 11:53:19.345000000','RR/MM/DD HH24:MI:SSXFF'),to_timestamp('20/03/24 11:53:25.250000000','RR/MM/DD HH24:MI:SSXFF'),'T',null,null,null);
REM INSERTING into BOARD_CATEGORY
SET DEFINE OFF;
REM INSERTING into BOARD_COMMENT
SET DEFINE OFF;
REM INSERTING into BOARD_POST
SET DEFINE OFF;
REM INSERTING into CHALLENGE
SET DEFINE OFF;
Insert into CHALLENGE (C_NUM,TITLE,LIMIT_MEMORY,LIMIT_TIME,UPDATED_AT,COL1,COL2,USER_NUM,PASS_NUM,CREATED_AT) values (1,'출력하기1',2000,1000,to_timestamp('20/03/26 11:55:09.912000000','RR/MM/DD HH24:MI:SSXFF'),null,null,1,20,to_timestamp('20/03/25 22:06:15.332000000','RR/MM/DD HH24:MI:SSXFF'));
Insert into CHALLENGE (C_NUM,TITLE,LIMIT_MEMORY,LIMIT_TIME,UPDATED_AT,COL1,COL2,USER_NUM,PASS_NUM,CREATED_AT) values (2,'제목',2000,2000,to_timestamp('20/03/26 11:19:24.083000000','RR/MM/DD HH24:MI:SSXFF'),null,null,1,0,to_timestamp('20/03/26 11:19:24.083000000','RR/MM/DD HH24:MI:SSXFF'));
Insert into CHALLENGE (C_NUM,TITLE,LIMIT_MEMORY,LIMIT_TIME,UPDATED_AT,COL1,COL2,USER_NUM,PASS_NUM,CREATED_AT) values (3,'제목',2000,2000,to_timestamp('20/03/26 11:19:37.893000000','RR/MM/DD HH24:MI:SSXFF'),null,null,1,0,to_timestamp('20/03/26 11:19:37.893000000','RR/MM/DD HH24:MI:SSXFF'));
Insert into CHALLENGE (C_NUM,TITLE,LIMIT_MEMORY,LIMIT_TIME,UPDATED_AT,COL1,COL2,USER_NUM,PASS_NUM,CREATED_AT) values (5,'제목',2000,2000,to_timestamp('20/03/26 11:19:38.326000000','RR/MM/DD HH24:MI:SSXFF'),null,null,1,0,to_timestamp('20/03/26 11:19:38.326000000','RR/MM/DD HH24:MI:SSXFF'));
Insert into CHALLENGE (C_NUM,TITLE,LIMIT_MEMORY,LIMIT_TIME,UPDATED_AT,COL1,COL2,USER_NUM,PASS_NUM,CREATED_AT) values (6,'제목',2000,2000,to_timestamp('20/03/26 11:19:38.547000000','RR/MM/DD HH24:MI:SSXFF'),null,null,1,0,to_timestamp('20/03/26 11:19:38.547000000','RR/MM/DD HH24:MI:SSXFF'));
Insert into CHALLENGE (C_NUM,TITLE,LIMIT_MEMORY,LIMIT_TIME,UPDATED_AT,COL1,COL2,USER_NUM,PASS_NUM,CREATED_AT) values (7,'제목',2000,2000,to_timestamp('20/03/26 11:19:38.746000000','RR/MM/DD HH24:MI:SSXFF'),null,null,1,0,to_timestamp('20/03/26 11:19:38.746000000','RR/MM/DD HH24:MI:SSXFF'));
Insert into CHALLENGE (C_NUM,TITLE,LIMIT_MEMORY,LIMIT_TIME,UPDATED_AT,COL1,COL2,USER_NUM,PASS_NUM,CREATED_AT) values (42,'새 도전과제',0,0,to_timestamp('20/04/04 13:50:08.701000000','RR/MM/DD HH24:MI:SSXFF'),null,null,1,0,to_timestamp('20/04/04 13:50:08.701000000','RR/MM/DD HH24:MI:SSXFF'));
Insert into CHALLENGE (C_NUM,TITLE,LIMIT_MEMORY,LIMIT_TIME,UPDATED_AT,COL1,COL2,USER_NUM,PASS_NUM,CREATED_AT) values (21,'a와 b를 더하라!',500000000,2000,to_timestamp('20/04/01 14:11:14.620000000','RR/MM/DD HH24:MI:SSXFF'),null,null,1,0,to_timestamp('20/04/01 14:11:14.620000000','RR/MM/DD HH24:MI:SSXFF'));
REM INSERTING into CHALLENGE_CASE
SET DEFINE OFF;
Insert into CHALLENGE_CASE (CASE_NUM,C_NUM,USER_NUM,CREATED_AT,UPDATED_AT,COL1,COL2) values (21,21,1,to_timestamp('20/04/01 14:20:48.332000000','RR/MM/DD HH24:MI:SSXFF'),to_timestamp('20/04/01 14:20:48.332000000','RR/MM/DD HH24:MI:SSXFF'),null,null);
Insert into CHALLENGE_CASE (CASE_NUM,C_NUM,USER_NUM,CREATED_AT,UPDATED_AT,COL1,COL2) values (22,21,1,to_timestamp('20/04/01 14:24:53.244000000','RR/MM/DD HH24:MI:SSXFF'),to_timestamp('20/04/01 14:24:53.244000000','RR/MM/DD HH24:MI:SSXFF'),null,null);
Insert into CHALLENGE_CASE (CASE_NUM,C_NUM,USER_NUM,CREATED_AT,UPDATED_AT,COL1,COL2) values (23,21,1,to_timestamp('20/04/01 14:26:46.809000000','RR/MM/DD HH24:MI:SSXFF'),to_timestamp('20/04/01 14:26:46.809000000','RR/MM/DD HH24:MI:SSXFF'),null,null);
REM INSERTING into CHALLENGE_RESULT
SET DEFINE OFF;
Insert into CHALLENGE_RESULT (RESULT_NUM,USER_NUM,RESULT_COMMENT,STATUS,CREATED_AT,UPDATED_AT,C_NUM,USED_MEMORY,PROCESSING_TIME) values (35,1,'pending','C',to_timestamp('20/04/02 12:57:28.308000000','RR/MM/DD HH24:MI:SSXFF'),to_timestamp('20/04/02 12:57:28.371000000','RR/MM/DD HH24:MI:SSXFF'),21,-1,-1);
Insert into CHALLENGE_RESULT (RESULT_NUM,USER_NUM,RESULT_COMMENT,STATUS,CREATED_AT,UPDATED_AT,C_NUM,USED_MEMORY,PROCESSING_TIME) values (36,1,'pending','C',to_timestamp('20/04/02 13:54:53.209000000','RR/MM/DD HH24:MI:SSXFF'),to_timestamp('20/04/02 13:54:53.251000000','RR/MM/DD HH24:MI:SSXFF'),21,-1,-1);
Insert into CHALLENGE_RESULT (RESULT_NUM,USER_NUM,RESULT_COMMENT,STATUS,CREATED_AT,UPDATED_AT,C_NUM,USED_MEMORY,PROCESSING_TIME) values (37,1,'pending','C',to_timestamp('20/04/02 13:57:01.456000000','RR/MM/DD HH24:MI:SSXFF'),to_timestamp('20/04/02 13:57:01.497000000','RR/MM/DD HH24:MI:SSXFF'),21,-1,-1);
Insert into CHALLENGE_RESULT (RESULT_NUM,USER_NUM,RESULT_COMMENT,STATUS,CREATED_AT,UPDATED_AT,C_NUM,USED_MEMORY,PROCESSING_TIME) values (38,1,'pending','C',to_timestamp('20/04/02 14:00:08.934000000','RR/MM/DD HH24:MI:SSXFF'),to_timestamp('20/04/02 14:00:08.978000000','RR/MM/DD HH24:MI:SSXFF'),21,-1,-1);
Insert into CHALLENGE_RESULT (RESULT_NUM,USER_NUM,RESULT_COMMENT,STATUS,CREATED_AT,UPDATED_AT,C_NUM,USED_MEMORY,PROCESSING_TIME) values (39,1,'pending','C',to_timestamp('20/04/02 14:00:36.319000000','RR/MM/DD HH24:MI:SSXFF'),to_timestamp('20/04/02 14:00:36.364000000','RR/MM/DD HH24:MI:SSXFF'),21,-1,-1);
Insert into CHALLENGE_RESULT (RESULT_NUM,USER_NUM,RESULT_COMMENT,STATUS,CREATED_AT,UPDATED_AT,C_NUM,USED_MEMORY,PROCESSING_TIME) values (40,1,'Compiling','C',to_timestamp('20/04/02 14:03:08.306000000','RR/MM/DD HH24:MI:SSXFF'),to_timestamp('20/04/02 14:03:08.348000000','RR/MM/DD HH24:MI:SSXFF'),21,-1,-1);
Insert into CHALLENGE_RESULT (RESULT_NUM,USER_NUM,RESULT_COMMENT,STATUS,CREATED_AT,UPDATED_AT,C_NUM,USED_MEMORY,PROCESSING_TIME) values (41,1,'Compiling','C',to_timestamp('20/04/02 14:06:03.687000000','RR/MM/DD HH24:MI:SSXFF'),to_timestamp('20/04/02 14:06:03.731000000','RR/MM/DD HH24:MI:SSXFF'),21,-1,-1);
Insert into CHALLENGE_RESULT (RESULT_NUM,USER_NUM,RESULT_COMMENT,STATUS,CREATED_AT,UPDATED_AT,C_NUM,USED_MEMORY,PROCESSING_TIME) values (42,1,'Compiling','C',to_timestamp('20/04/02 14:06:29.820000000','RR/MM/DD HH24:MI:SSXFF'),to_timestamp('20/04/02 14:06:29.864000000','RR/MM/DD HH24:MI:SSXFF'),21,-1,-1);
Insert into CHALLENGE_RESULT (RESULT_NUM,USER_NUM,RESULT_COMMENT,STATUS,CREATED_AT,UPDATED_AT,C_NUM,USED_MEMORY,PROCESSING_TIME) values (43,1,'실패하였습니다~','F',to_timestamp('20/04/02 14:09:26.573000000','RR/MM/DD HH24:MI:SSXFF'),to_timestamp('20/04/02 14:09:28.019000000','RR/MM/DD HH24:MI:SSXFF'),21,-1,-1);
Insert into CHALLENGE_RESULT (RESULT_NUM,USER_NUM,RESULT_COMMENT,STATUS,CREATED_AT,UPDATED_AT,C_NUM,USED_MEMORY,PROCESSING_TIME) values (56,1,'실패하였습니다~','F',to_timestamp('20/04/02 14:47:52.254000000','RR/MM/DD HH24:MI:SSXFF'),to_timestamp('20/04/02 14:47:53.507000000','RR/MM/DD HH24:MI:SSXFF'),21,-1,-1);
Insert into CHALLENGE_RESULT (RESULT_NUM,USER_NUM,RESULT_COMMENT,STATUS,CREATED_AT,UPDATED_AT,C_NUM,USED_MEMORY,PROCESSING_TIME) values (57,1,'실패하였습니다~','F',to_timestamp('20/04/02 14:48:28.239000000','RR/MM/DD HH24:MI:SSXFF'),to_timestamp('20/04/02 14:48:29.592000000','RR/MM/DD HH24:MI:SSXFF'),21,-1,-1);
Insert into CHALLENGE_RESULT (RESULT_NUM,USER_NUM,RESULT_COMMENT,STATUS,CREATED_AT,UPDATED_AT,C_NUM,USED_MEMORY,PROCESSING_TIME) values (58,1,'실패하였습니다~','F',to_timestamp('20/04/02 14:54:13.492000000','RR/MM/DD HH24:MI:SSXFF'),to_timestamp('20/04/02 14:54:14.929000000','RR/MM/DD HH24:MI:SSXFF'),21,-1,-1);
Insert into CHALLENGE_RESULT (RESULT_NUM,USER_NUM,RESULT_COMMENT,STATUS,CREATED_AT,UPDATED_AT,C_NUM,USED_MEMORY,PROCESSING_TIME) values (59,1,'실패하였습니다~','F',to_timestamp('20/04/02 14:55:52.279000000','RR/MM/DD HH24:MI:SSXFF'),to_timestamp('20/04/02 14:55:53.671000000','RR/MM/DD HH24:MI:SSXFF'),21,-1,-1);
Insert into CHALLENGE_RESULT (RESULT_NUM,USER_NUM,RESULT_COMMENT,STATUS,CREATED_AT,UPDATED_AT,C_NUM,USED_MEMORY,PROCESSING_TIME) values (60,1,'실패하였습니다~','F',to_timestamp('20/04/02 14:56:47.924000000','RR/MM/DD HH24:MI:SSXFF'),to_timestamp('20/04/02 14:56:49.359000000','RR/MM/DD HH24:MI:SSXFF'),21,-1,-1);
Insert into CHALLENGE_RESULT (RESULT_NUM,USER_NUM,RESULT_COMMENT,STATUS,CREATED_AT,UPDATED_AT,C_NUM,USED_MEMORY,PROCESSING_TIME) values (61,1,'실패하였습니다~','F',to_timestamp('20/04/02 15:04:10.072000000','RR/MM/DD HH24:MI:SSXFF'),to_timestamp('20/04/02 15:04:11.446000000','RR/MM/DD HH24:MI:SSXFF'),21,-1,-1);
Insert into CHALLENGE_RESULT (RESULT_NUM,USER_NUM,RESULT_COMMENT,STATUS,CREATED_AT,UPDATED_AT,C_NUM,USED_MEMORY,PROCESSING_TIME) values (62,1,'실패하였습니다~','F',to_timestamp('20/04/02 15:06:00.294000000','RR/MM/DD HH24:MI:SSXFF'),to_timestamp('20/04/02 15:06:01.603000000','RR/MM/DD HH24:MI:SSXFF'),21,-1,-1);
Insert into CHALLENGE_RESULT (RESULT_NUM,USER_NUM,RESULT_COMMENT,STATUS,CREATED_AT,UPDATED_AT,C_NUM,USED_MEMORY,PROCESSING_TIME) values (44,1,'실패하였습니다~','F',to_timestamp('20/04/02 14:11:56.867000000','RR/MM/DD HH24:MI:SSXFF'),to_timestamp('20/04/02 14:11:58.082000000','RR/MM/DD HH24:MI:SSXFF'),21,-1,-1);
Insert into CHALLENGE_RESULT (RESULT_NUM,USER_NUM,RESULT_COMMENT,STATUS,CREATED_AT,UPDATED_AT,C_NUM,USED_MEMORY,PROCESSING_TIME) values (45,1,'실패하였습니다~','F',to_timestamp('20/04/02 14:14:15.130000000','RR/MM/DD HH24:MI:SSXFF'),to_timestamp('20/04/02 14:14:16.449000000','RR/MM/DD HH24:MI:SSXFF'),21,-1,-1);
Insert into CHALLENGE_RESULT (RESULT_NUM,USER_NUM,RESULT_COMMENT,STATUS,CREATED_AT,UPDATED_AT,C_NUM,USED_MEMORY,PROCESSING_TIME) values (46,1,'실패하였습니다~','F',to_timestamp('20/04/02 14:15:56.097000000','RR/MM/DD HH24:MI:SSXFF'),to_timestamp('20/04/02 14:15:57.289000000','RR/MM/DD HH24:MI:SSXFF'),21,-1,-1);
Insert into CHALLENGE_RESULT (RESULT_NUM,USER_NUM,RESULT_COMMENT,STATUS,CREATED_AT,UPDATED_AT,C_NUM,USED_MEMORY,PROCESSING_TIME) values (47,1,'실패하였습니다~','F',to_timestamp('20/04/02 14:17:14.792000000','RR/MM/DD HH24:MI:SSXFF'),to_timestamp('20/04/02 14:17:16.042000000','RR/MM/DD HH24:MI:SSXFF'),21,-1,-1);
Insert into CHALLENGE_RESULT (RESULT_NUM,USER_NUM,RESULT_COMMENT,STATUS,CREATED_AT,UPDATED_AT,C_NUM,USED_MEMORY,PROCESSING_TIME) values (48,1,'실패하였습니다~','F',to_timestamp('20/04/02 14:20:25.211000000','RR/MM/DD HH24:MI:SSXFF'),to_timestamp('20/04/02 14:20:26.475000000','RR/MM/DD HH24:MI:SSXFF'),21,-1,-1);
Insert into CHALLENGE_RESULT (RESULT_NUM,USER_NUM,RESULT_COMMENT,STATUS,CREATED_AT,UPDATED_AT,C_NUM,USED_MEMORY,PROCESSING_TIME) values (49,1,'실패하였습니다~','F',to_timestamp('20/04/02 14:27:57.931000000','RR/MM/DD HH24:MI:SSXFF'),to_timestamp('20/04/02 14:27:59.204000000','RR/MM/DD HH24:MI:SSXFF'),21,-1,-1);
Insert into CHALLENGE_RESULT (RESULT_NUM,USER_NUM,RESULT_COMMENT,STATUS,CREATED_AT,UPDATED_AT,C_NUM,USED_MEMORY,PROCESSING_TIME) values (50,1,'실패하였습니다~','F',to_timestamp('20/04/02 14:38:02.702000000','RR/MM/DD HH24:MI:SSXFF'),to_timestamp('20/04/02 14:38:04.001000000','RR/MM/DD HH24:MI:SSXFF'),21,-1,-1);
Insert into CHALLENGE_RESULT (RESULT_NUM,USER_NUM,RESULT_COMMENT,STATUS,CREATED_AT,UPDATED_AT,C_NUM,USED_MEMORY,PROCESSING_TIME) values (51,1,'실패하였습니다~','F',to_timestamp('20/04/02 14:39:24.878000000','RR/MM/DD HH24:MI:SSXFF'),to_timestamp('20/04/02 14:39:26.140000000','RR/MM/DD HH24:MI:SSXFF'),21,-1,-1);
Insert into CHALLENGE_RESULT (RESULT_NUM,USER_NUM,RESULT_COMMENT,STATUS,CREATED_AT,UPDATED_AT,C_NUM,USED_MEMORY,PROCESSING_TIME) values (2,1,'아직','p',to_timestamp('20/03/25 22:47:47.681000000','RR/MM/DD HH24:MI:SSXFF'),null,1,10,20);
Insert into CHALLENGE_RESULT (RESULT_NUM,USER_NUM,RESULT_COMMENT,STATUS,CREATED_AT,UPDATED_AT,C_NUM,USED_MEMORY,PROCESSING_TIME) values (3,1,'컴파일 에러','e',to_timestamp('20/03/26 11:19:28.203000000','RR/MM/DD HH24:MI:SSXFF'),to_timestamp('20/03/26 12:15:05.098000000','RR/MM/DD HH24:MI:SSXFF'),1,1024,1234);
Insert into CHALLENGE_RESULT (RESULT_NUM,USER_NUM,RESULT_COMMENT,STATUS,CREATED_AT,UPDATED_AT,C_NUM,USED_MEMORY,PROCESSING_TIME) values (4,1,'아직','p',to_timestamp('20/03/26 11:19:34.867000000','RR/MM/DD HH24:MI:SSXFF'),null,1,10,20);
Insert into CHALLENGE_RESULT (RESULT_NUM,USER_NUM,RESULT_COMMENT,STATUS,CREATED_AT,UPDATED_AT,C_NUM,USED_MEMORY,PROCESSING_TIME) values (5,1,'아직','p',to_timestamp('20/03/26 11:19:35.109000000','RR/MM/DD HH24:MI:SSXFF'),null,1,10,20);
Insert into CHALLENGE_RESULT (RESULT_NUM,USER_NUM,RESULT_COMMENT,STATUS,CREATED_AT,UPDATED_AT,C_NUM,USED_MEMORY,PROCESSING_TIME) values (24,1,'panding','P',to_timestamp('20/04/01 15:15:08.884000000','RR/MM/DD HH24:MI:SSXFF'),null,21,-1,-1);
Insert into CHALLENGE_RESULT (RESULT_NUM,USER_NUM,RESULT_COMMENT,STATUS,CREATED_AT,UPDATED_AT,C_NUM,USED_MEMORY,PROCESSING_TIME) values (7,1,'아직','p',to_timestamp('20/03/26 11:19:35.529000000','RR/MM/DD HH24:MI:SSXFF'),null,1,10,20);
Insert into CHALLENGE_RESULT (RESULT_NUM,USER_NUM,RESULT_COMMENT,STATUS,CREATED_AT,UPDATED_AT,C_NUM,USED_MEMORY,PROCESSING_TIME) values (25,1,'panding','P',to_timestamp('20/04/01 15:15:27.779000000','RR/MM/DD HH24:MI:SSXFF'),null,21,-1,-1);
Insert into CHALLENGE_RESULT (RESULT_NUM,USER_NUM,RESULT_COMMENT,STATUS,CREATED_AT,UPDATED_AT,C_NUM,USED_MEMORY,PROCESSING_TIME) values (26,1,'pending','p',to_timestamp('20/04/02 12:35:10.915000000','RR/MM/DD HH24:MI:SSXFF'),null,21,-1,-1);
Insert into CHALLENGE_RESULT (RESULT_NUM,USER_NUM,RESULT_COMMENT,STATUS,CREATED_AT,UPDATED_AT,C_NUM,USED_MEMORY,PROCESSING_TIME) values (29,1,'pending','p',to_timestamp('20/04/02 12:40:05.668000000','RR/MM/DD HH24:MI:SSXFF'),null,21,-1,-1);
Insert into CHALLENGE_RESULT (RESULT_NUM,USER_NUM,RESULT_COMMENT,STATUS,CREATED_AT,UPDATED_AT,C_NUM,USED_MEMORY,PROCESSING_TIME) values (52,1,'실패하였습니다~','F',to_timestamp('20/04/02 14:41:52.822000000','RR/MM/DD HH24:MI:SSXFF'),to_timestamp('20/04/02 14:41:54.105000000','RR/MM/DD HH24:MI:SSXFF'),21,-1,-1);
Insert into CHALLENGE_RESULT (RESULT_NUM,USER_NUM,RESULT_COMMENT,STATUS,CREATED_AT,UPDATED_AT,C_NUM,USED_MEMORY,PROCESSING_TIME) values (53,1,'실패하였습니다~','F',to_timestamp('20/04/02 14:42:51.910000000','RR/MM/DD HH24:MI:SSXFF'),to_timestamp('20/04/02 14:42:53.148000000','RR/MM/DD HH24:MI:SSXFF'),21,-1,-1);
Insert into CHALLENGE_RESULT (RESULT_NUM,USER_NUM,RESULT_COMMENT,STATUS,CREATED_AT,UPDATED_AT,C_NUM,USED_MEMORY,PROCESSING_TIME) values (54,1,'실패하였습니다~','F',to_timestamp('20/04/02 14:44:43.923000000','RR/MM/DD HH24:MI:SSXFF'),to_timestamp('20/04/02 14:44:45.125000000','RR/MM/DD HH24:MI:SSXFF'),21,-1,-1);
Insert into CHALLENGE_RESULT (RESULT_NUM,USER_NUM,RESULT_COMMENT,STATUS,CREATED_AT,UPDATED_AT,C_NUM,USED_MEMORY,PROCESSING_TIME) values (55,1,'실패하였습니다~','F',to_timestamp('20/04/02 14:47:25.859000000','RR/MM/DD HH24:MI:SSXFF'),to_timestamp('20/04/02 14:47:27.873000000','RR/MM/DD HH24:MI:SSXFF'),21,-1,-1);
Insert into CHALLENGE_RESULT (RESULT_NUM,USER_NUM,RESULT_COMMENT,STATUS,CREATED_AT,UPDATED_AT,C_NUM,USED_MEMORY,PROCESSING_TIME) values (23,1,'panding','P',to_timestamp('20/04/01 14:58:25.933000000','RR/MM/DD HH24:MI:SSXFF'),null,21,-1,-1);
Insert into CHALLENGE_RESULT (RESULT_NUM,USER_NUM,RESULT_COMMENT,STATUS,CREATED_AT,UPDATED_AT,C_NUM,USED_MEMORY,PROCESSING_TIME) values (27,1,'pending','p',to_timestamp('20/04/02 12:37:19.255000000','RR/MM/DD HH24:MI:SSXFF'),null,21,-1,-1);
Insert into CHALLENGE_RESULT (RESULT_NUM,USER_NUM,RESULT_COMMENT,STATUS,CREATED_AT,UPDATED_AT,C_NUM,USED_MEMORY,PROCESSING_TIME) values (28,1,'pending','p',to_timestamp('20/04/02 12:38:24.806000000','RR/MM/DD HH24:MI:SSXFF'),null,21,-1,-1);
Insert into CHALLENGE_RESULT (RESULT_NUM,USER_NUM,RESULT_COMMENT,STATUS,CREATED_AT,UPDATED_AT,C_NUM,USED_MEMORY,PROCESSING_TIME) values (30,1,'pending','p',to_timestamp('20/04/02 12:41:42.876000000','RR/MM/DD HH24:MI:SSXFF'),null,21,-1,-1);
Insert into CHALLENGE_RESULT (RESULT_NUM,USER_NUM,RESULT_COMMENT,STATUS,CREATED_AT,UPDATED_AT,C_NUM,USED_MEMORY,PROCESSING_TIME) values (31,1,'pending','C',to_timestamp('20/04/02 12:43:00.171000000','RR/MM/DD HH24:MI:SSXFF'),to_timestamp('20/04/02 12:43:00.236000000','RR/MM/DD HH24:MI:SSXFF'),21,-1,-1);
Insert into CHALLENGE_RESULT (RESULT_NUM,USER_NUM,RESULT_COMMENT,STATUS,CREATED_AT,UPDATED_AT,C_NUM,USED_MEMORY,PROCESSING_TIME) values (32,1,'pending','C',to_timestamp('20/04/02 12:49:33.527000000','RR/MM/DD HH24:MI:SSXFF'),to_timestamp('20/04/02 12:49:33.572000000','RR/MM/DD HH24:MI:SSXFF'),21,-1,-1);
Insert into CHALLENGE_RESULT (RESULT_NUM,USER_NUM,RESULT_COMMENT,STATUS,CREATED_AT,UPDATED_AT,C_NUM,USED_MEMORY,PROCESSING_TIME) values (33,1,'pending','C',to_timestamp('20/04/02 12:50:31.661000000','RR/MM/DD HH24:MI:SSXFF'),to_timestamp('20/04/02 12:50:31.705000000','RR/MM/DD HH24:MI:SSXFF'),21,-1,-1);
Insert into CHALLENGE_RESULT (RESULT_NUM,USER_NUM,RESULT_COMMENT,STATUS,CREATED_AT,UPDATED_AT,C_NUM,USED_MEMORY,PROCESSING_TIME) values (34,1,'pending','C',to_timestamp('20/04/02 12:56:22.856000000','RR/MM/DD HH24:MI:SSXFF'),to_timestamp('20/04/02 12:56:23.081000000','RR/MM/DD HH24:MI:SSXFF'),21,-1,-1);
Insert into CHALLENGE_RESULT (RESULT_NUM,USER_NUM,RESULT_COMMENT,STATUS,CREATED_AT,UPDATED_AT,C_NUM,USED_MEMORY,PROCESSING_TIME) values (93,1,'성공','S',to_timestamp('20/04/02 17:22:06.511000000','RR/MM/DD HH24:MI:SSXFF'),to_timestamp('20/04/02 17:22:11.267000000','RR/MM/DD HH24:MI:SSXFF'),21,-1,-1);
Insert into CHALLENGE_RESULT (RESULT_NUM,USER_NUM,RESULT_COMMENT,STATUS,CREATED_AT,UPDATED_AT,C_NUM,USED_MEMORY,PROCESSING_TIME) values (94,1,'성공','S',to_timestamp('20/04/02 17:23:06.641000000','RR/MM/DD HH24:MI:SSXFF'),to_timestamp('20/04/02 17:23:11.503000000','RR/MM/DD HH24:MI:SSXFF'),21,-1,-1);
Insert into CHALLENGE_RESULT (RESULT_NUM,USER_NUM,RESULT_COMMENT,STATUS,CREATED_AT,UPDATED_AT,C_NUM,USED_MEMORY,PROCESSING_TIME) values (95,1,'성공','S',to_timestamp('20/04/02 17:23:55.826000000','RR/MM/DD HH24:MI:SSXFF'),to_timestamp('20/04/02 17:24:00.540000000','RR/MM/DD HH24:MI:SSXFF'),21,-1,-1);
Insert into CHALLENGE_RESULT (RESULT_NUM,USER_NUM,RESULT_COMMENT,STATUS,CREATED_AT,UPDATED_AT,C_NUM,USED_MEMORY,PROCESSING_TIME) values (63,1,'실패하였습니다~','F',to_timestamp('20/04/02 15:10:23.095000000','RR/MM/DD HH24:MI:SSXFF'),to_timestamp('20/04/02 15:10:24.437000000','RR/MM/DD HH24:MI:SSXFF'),21,-1,-1);
Insert into CHALLENGE_RESULT (RESULT_NUM,USER_NUM,RESULT_COMMENT,STATUS,CREATED_AT,UPDATED_AT,C_NUM,USED_MEMORY,PROCESSING_TIME) values (77,1,'실패하였습니다~','F',to_timestamp('20/04/02 15:30:09.587000000','RR/MM/DD HH24:MI:SSXFF'),to_timestamp('20/04/02 15:30:10.923000000','RR/MM/DD HH24:MI:SSXFF'),21,-1,-1);
Insert into CHALLENGE_RESULT (RESULT_NUM,USER_NUM,RESULT_COMMENT,STATUS,CREATED_AT,UPDATED_AT,C_NUM,USED_MEMORY,PROCESSING_TIME) values (79,1,'실패하였습니다~','F',to_timestamp('20/04/02 15:40:22.831000000','RR/MM/DD HH24:MI:SSXFF'),to_timestamp('20/04/02 15:40:24.123000000','RR/MM/DD HH24:MI:SSXFF'),21,-1,-1);
Insert into CHALLENGE_RESULT (RESULT_NUM,USER_NUM,RESULT_COMMENT,STATUS,CREATED_AT,UPDATED_AT,C_NUM,USED_MEMORY,PROCESSING_TIME) values (86,1,'실패하였습니다~','F',to_timestamp('20/04/02 16:55:21.066000000','RR/MM/DD HH24:MI:SSXFF'),to_timestamp('20/04/02 16:55:22.469000000','RR/MM/DD HH24:MI:SSXFF'),21,-1,-1);
Insert into CHALLENGE_RESULT (RESULT_NUM,USER_NUM,RESULT_COMMENT,STATUS,CREATED_AT,UPDATED_AT,C_NUM,USED_MEMORY,PROCESSING_TIME) values (66,1,'실패하였습니다~','F',to_timestamp('20/04/02 15:15:02.469000000','RR/MM/DD HH24:MI:SSXFF'),to_timestamp('20/04/02 15:15:03.734000000','RR/MM/DD HH24:MI:SSXFF'),21,-1,-1);
Insert into CHALLENGE_RESULT (RESULT_NUM,USER_NUM,RESULT_COMMENT,STATUS,CREATED_AT,UPDATED_AT,C_NUM,USED_MEMORY,PROCESSING_TIME) values (69,1,'실패하였습니다~','F',to_timestamp('20/04/02 15:20:12.311000000','RR/MM/DD HH24:MI:SSXFF'),to_timestamp('20/04/02 15:20:13.625000000','RR/MM/DD HH24:MI:SSXFF'),21,-1,-1);
Insert into CHALLENGE_RESULT (RESULT_NUM,USER_NUM,RESULT_COMMENT,STATUS,CREATED_AT,UPDATED_AT,C_NUM,USED_MEMORY,PROCESSING_TIME) values (101,1,'Compiling','C',to_timestamp('20/04/03 16:18:40.707000000','RR/MM/DD HH24:MI:SSXFF'),to_timestamp('20/04/03 16:18:40.772000000','RR/MM/DD HH24:MI:SSXFF'),21,-1,-1);
Insert into CHALLENGE_RESULT (RESULT_NUM,USER_NUM,RESULT_COMMENT,STATUS,CREATED_AT,UPDATED_AT,C_NUM,USED_MEMORY,PROCESSING_TIME) values (102,1,'실패하였습니다~','F',to_timestamp('20/04/03 16:21:26.707000000','RR/MM/DD HH24:MI:SSXFF'),to_timestamp('20/04/03 16:21:28.908000000','RR/MM/DD HH24:MI:SSXFF'),21,-1,-1);
Insert into CHALLENGE_RESULT (RESULT_NUM,USER_NUM,RESULT_COMMENT,STATUS,CREATED_AT,UPDATED_AT,C_NUM,USED_MEMORY,PROCESSING_TIME) values (103,1,'성공','S',to_timestamp('20/04/03 16:23:24.442000000','RR/MM/DD HH24:MI:SSXFF'),to_timestamp('20/04/03 16:23:27.939000000','RR/MM/DD HH24:MI:SSXFF'),21,-1,-1);
Insert into CHALLENGE_RESULT (RESULT_NUM,USER_NUM,RESULT_COMMENT,STATUS,CREATED_AT,UPDATED_AT,C_NUM,USED_MEMORY,PROCESSING_TIME) values (64,1,'실패하였습니다~','F',to_timestamp('20/04/02 15:10:58.470000000','RR/MM/DD HH24:MI:SSXFF'),to_timestamp('20/04/02 15:10:59.784000000','RR/MM/DD HH24:MI:SSXFF'),21,-1,-1);
Insert into CHALLENGE_RESULT (RESULT_NUM,USER_NUM,RESULT_COMMENT,STATUS,CREATED_AT,UPDATED_AT,C_NUM,USED_MEMORY,PROCESSING_TIME) values (65,1,'실패하였습니다~','F',to_timestamp('20/04/02 15:13:56.646000000','RR/MM/DD HH24:MI:SSXFF'),to_timestamp('20/04/02 15:13:58.113000000','RR/MM/DD HH24:MI:SSXFF'),21,-1,-1);
Insert into CHALLENGE_RESULT (RESULT_NUM,USER_NUM,RESULT_COMMENT,STATUS,CREATED_AT,UPDATED_AT,C_NUM,USED_MEMORY,PROCESSING_TIME) values (67,1,'실패하였습니다~','F',to_timestamp('20/04/02 15:17:18.590000000','RR/MM/DD HH24:MI:SSXFF'),to_timestamp('20/04/02 15:17:20.069000000','RR/MM/DD HH24:MI:SSXFF'),21,-1,-1);
Insert into CHALLENGE_RESULT (RESULT_NUM,USER_NUM,RESULT_COMMENT,STATUS,CREATED_AT,UPDATED_AT,C_NUM,USED_MEMORY,PROCESSING_TIME) values (68,1,'실패하였습니다~','F',to_timestamp('20/04/02 15:18:14.481000000','RR/MM/DD HH24:MI:SSXFF'),to_timestamp('20/04/02 15:18:15.897000000','RR/MM/DD HH24:MI:SSXFF'),21,-1,-1);
Insert into CHALLENGE_RESULT (RESULT_NUM,USER_NUM,RESULT_COMMENT,STATUS,CREATED_AT,UPDATED_AT,C_NUM,USED_MEMORY,PROCESSING_TIME) values (70,1,'실패하였습니다~','F',to_timestamp('20/04/02 15:22:40.792000000','RR/MM/DD HH24:MI:SSXFF'),to_timestamp('20/04/02 15:22:42.028000000','RR/MM/DD HH24:MI:SSXFF'),21,-1,-1);
Insert into CHALLENGE_RESULT (RESULT_NUM,USER_NUM,RESULT_COMMENT,STATUS,CREATED_AT,UPDATED_AT,C_NUM,USED_MEMORY,PROCESSING_TIME) values (71,1,'실패하였습니다~','F',to_timestamp('20/04/02 15:24:29.158000000','RR/MM/DD HH24:MI:SSXFF'),to_timestamp('20/04/02 15:24:30.525000000','RR/MM/DD HH24:MI:SSXFF'),21,-1,-1);
Insert into CHALLENGE_RESULT (RESULT_NUM,USER_NUM,RESULT_COMMENT,STATUS,CREATED_AT,UPDATED_AT,C_NUM,USED_MEMORY,PROCESSING_TIME) values (72,1,'실패하였습니다~','F',to_timestamp('20/04/02 15:24:54.322000000','RR/MM/DD HH24:MI:SSXFF'),to_timestamp('20/04/02 15:24:55.416000000','RR/MM/DD HH24:MI:SSXFF'),21,-1,-1);
Insert into CHALLENGE_RESULT (RESULT_NUM,USER_NUM,RESULT_COMMENT,STATUS,CREATED_AT,UPDATED_AT,C_NUM,USED_MEMORY,PROCESSING_TIME) values (73,1,'실패하였습니다~','F',to_timestamp('20/04/02 15:25:54.326000000','RR/MM/DD HH24:MI:SSXFF'),to_timestamp('20/04/02 15:25:55.723000000','RR/MM/DD HH24:MI:SSXFF'),21,-1,-1);
Insert into CHALLENGE_RESULT (RESULT_NUM,USER_NUM,RESULT_COMMENT,STATUS,CREATED_AT,UPDATED_AT,C_NUM,USED_MEMORY,PROCESSING_TIME) values (74,1,'실패하였습니다~','F',to_timestamp('20/04/02 15:26:19.801000000','RR/MM/DD HH24:MI:SSXFF'),to_timestamp('20/04/02 15:26:20.954000000','RR/MM/DD HH24:MI:SSXFF'),21,-1,-1);
Insert into CHALLENGE_RESULT (RESULT_NUM,USER_NUM,RESULT_COMMENT,STATUS,CREATED_AT,UPDATED_AT,C_NUM,USED_MEMORY,PROCESSING_TIME) values (75,1,'실패하였습니다~','F',to_timestamp('20/04/02 15:28:47.245000000','RR/MM/DD HH24:MI:SSXFF'),to_timestamp('20/04/02 15:28:48.505000000','RR/MM/DD HH24:MI:SSXFF'),21,-1,-1);
Insert into CHALLENGE_RESULT (RESULT_NUM,USER_NUM,RESULT_COMMENT,STATUS,CREATED_AT,UPDATED_AT,C_NUM,USED_MEMORY,PROCESSING_TIME) values (76,1,'실패하였습니다~','F',to_timestamp('20/04/02 15:29:15.876000000','RR/MM/DD HH24:MI:SSXFF'),to_timestamp('20/04/02 15:29:17.176000000','RR/MM/DD HH24:MI:SSXFF'),21,-1,-1);
Insert into CHALLENGE_RESULT (RESULT_NUM,USER_NUM,RESULT_COMMENT,STATUS,CREATED_AT,UPDATED_AT,C_NUM,USED_MEMORY,PROCESSING_TIME) values (78,1,'실패하였습니다~','F',to_timestamp('20/04/02 15:32:16.615000000','RR/MM/DD HH24:MI:SSXFF'),to_timestamp('20/04/02 15:32:17.969000000','RR/MM/DD HH24:MI:SSXFF'),21,-1,-1);
Insert into CHALLENGE_RESULT (RESULT_NUM,USER_NUM,RESULT_COMMENT,STATUS,CREATED_AT,UPDATED_AT,C_NUM,USED_MEMORY,PROCESSING_TIME) values (80,1,'실패하였습니다~','F',to_timestamp('20/04/02 15:41:15.120000000','RR/MM/DD HH24:MI:SSXFF'),to_timestamp('20/04/02 15:41:16.379000000','RR/MM/DD HH24:MI:SSXFF'),21,-1,-1);
Insert into CHALLENGE_RESULT (RESULT_NUM,USER_NUM,RESULT_COMMENT,STATUS,CREATED_AT,UPDATED_AT,C_NUM,USED_MEMORY,PROCESSING_TIME) values (81,1,'실패하였습니다~','F',to_timestamp('20/04/02 15:47:17.232000000','RR/MM/DD HH24:MI:SSXFF'),to_timestamp('20/04/02 15:47:18.539000000','RR/MM/DD HH24:MI:SSXFF'),21,-1,-1);
Insert into CHALLENGE_RESULT (RESULT_NUM,USER_NUM,RESULT_COMMENT,STATUS,CREATED_AT,UPDATED_AT,C_NUM,USED_MEMORY,PROCESSING_TIME) values (82,1,'실패하였습니다~','F',to_timestamp('20/04/02 16:52:56.005000000','RR/MM/DD HH24:MI:SSXFF'),to_timestamp('20/04/02 16:52:57.395000000','RR/MM/DD HH24:MI:SSXFF'),21,-1,-1);
Insert into CHALLENGE_RESULT (RESULT_NUM,USER_NUM,RESULT_COMMENT,STATUS,CREATED_AT,UPDATED_AT,C_NUM,USED_MEMORY,PROCESSING_TIME) values (83,1,'실패하였습니다~','F',to_timestamp('20/04/02 16:53:35.447000000','RR/MM/DD HH24:MI:SSXFF'),to_timestamp('20/04/02 16:53:36.778000000','RR/MM/DD HH24:MI:SSXFF'),21,-1,-1);
Insert into CHALLENGE_RESULT (RESULT_NUM,USER_NUM,RESULT_COMMENT,STATUS,CREATED_AT,UPDATED_AT,C_NUM,USED_MEMORY,PROCESSING_TIME) values (84,1,'실패하였습니다~','F',to_timestamp('20/04/02 16:54:11.525000000','RR/MM/DD HH24:MI:SSXFF'),to_timestamp('20/04/02 16:54:12.850000000','RR/MM/DD HH24:MI:SSXFF'),21,-1,-1);
Insert into CHALLENGE_RESULT (RESULT_NUM,USER_NUM,RESULT_COMMENT,STATUS,CREATED_AT,UPDATED_AT,C_NUM,USED_MEMORY,PROCESSING_TIME) values (85,1,'실패하였습니다~','F',to_timestamp('20/04/02 16:54:55.186000000','RR/MM/DD HH24:MI:SSXFF'),to_timestamp('20/04/02 16:54:56.576000000','RR/MM/DD HH24:MI:SSXFF'),21,-1,-1);
Insert into CHALLENGE_RESULT (RESULT_NUM,USER_NUM,RESULT_COMMENT,STATUS,CREATED_AT,UPDATED_AT,C_NUM,USED_MEMORY,PROCESSING_TIME) values (87,1,'실패하였습니다~','F',to_timestamp('20/04/02 16:55:57.797000000','RR/MM/DD HH24:MI:SSXFF'),to_timestamp('20/04/02 16:55:59.163000000','RR/MM/DD HH24:MI:SSXFF'),21,-1,-1);
Insert into CHALLENGE_RESULT (RESULT_NUM,USER_NUM,RESULT_COMMENT,STATUS,CREATED_AT,UPDATED_AT,C_NUM,USED_MEMORY,PROCESSING_TIME) values (88,1,'실패하였습니다~','F',to_timestamp('20/04/02 16:56:31.037000000','RR/MM/DD HH24:MI:SSXFF'),to_timestamp('20/04/02 16:56:32.471000000','RR/MM/DD HH24:MI:SSXFF'),21,-1,-1);
Insert into CHALLENGE_RESULT (RESULT_NUM,USER_NUM,RESULT_COMMENT,STATUS,CREATED_AT,UPDATED_AT,C_NUM,USED_MEMORY,PROCESSING_TIME) values (89,1,'실패하였습니다~','F',to_timestamp('20/04/02 16:57:15.234000000','RR/MM/DD HH24:MI:SSXFF'),to_timestamp('20/04/02 16:57:16.585000000','RR/MM/DD HH24:MI:SSXFF'),21,-1,-1);
Insert into CHALLENGE_RESULT (RESULT_NUM,USER_NUM,RESULT_COMMENT,STATUS,CREATED_AT,UPDATED_AT,C_NUM,USED_MEMORY,PROCESSING_TIME) values (90,1,'실패하였습니다~','F',to_timestamp('20/04/02 16:58:19.168000000','RR/MM/DD HH24:MI:SSXFF'),to_timestamp('20/04/02 16:58:21.528000000','RR/MM/DD HH24:MI:SSXFF'),21,-1,-1);
Insert into CHALLENGE_RESULT (RESULT_NUM,USER_NUM,RESULT_COMMENT,STATUS,CREATED_AT,UPDATED_AT,C_NUM,USED_MEMORY,PROCESSING_TIME) values (91,1,'성공','S',to_timestamp('20/04/02 17:19:56.621000000','RR/MM/DD HH24:MI:SSXFF'),to_timestamp('20/04/02 17:20:01.216000000','RR/MM/DD HH24:MI:SSXFF'),21,-1,-1);
Insert into CHALLENGE_RESULT (RESULT_NUM,USER_NUM,RESULT_COMMENT,STATUS,CREATED_AT,UPDATED_AT,C_NUM,USED_MEMORY,PROCESSING_TIME) values (92,1,'성공','S',to_timestamp('20/04/02 17:20:19.221000000','RR/MM/DD HH24:MI:SSXFF'),to_timestamp('20/04/02 17:20:23.977000000','RR/MM/DD HH24:MI:SSXFF'),21,-1,-1);
REM INSERTING into COMMENT_PREFERENCE
SET DEFINE OFF;
REM INSERTING into POST_ATTACHMENT
SET DEFINE OFF;
REM INSERTING into QUIZ
SET DEFINE OFF;
REM INSERTING into QUIZ_ANSWER
SET DEFINE OFF;
REM INSERTING into QUIZ_RESULT
SET DEFINE OFF;
REM INSERTING into SUBJECT
SET DEFINE OFF;
REM INSERTING into TUTOR_APPLICATION
SET DEFINE OFF;
REM INSERTING into UNIT
SET DEFINE OFF;
REM INSERTING into UNIT_COMPLETION
SET DEFINE OFF;
