--------------------------------------------------------
--  파일이 생성됨 - 화요일-4월-07-2020   
--------------------------------------------------------
REM INSERTING into CHALLENGE
SET DEFINE OFF;
Insert into CHALLENGE (C_NUM,TITLE,LIMIT_MEMORY,LIMIT_TIME,UPDATED_AT,COL1,COL2,USER_NUM,PASS_NUM,CREATED_AT) values (86,'새 도전과제',0,0,to_timestamp('20/04/05 20:00:45.314000000','RR/MM/DD HH24:MI:SSXFF'),null,null,1,0,to_timestamp('20/04/05 20:00:45.314000000','RR/MM/DD HH24:MI:SSXFF'));
Insert into CHALLENGE (C_NUM,TITLE,LIMIT_MEMORY,LIMIT_TIME,UPDATED_AT,COL1,COL2,USER_NUM,PASS_NUM,CREATED_AT) values (89,'새 도전과제',0,0,to_timestamp('20/04/05 21:06:55.095000000','RR/MM/DD HH24:MI:SSXFF'),null,null,1,0,to_timestamp('20/04/05 21:06:55.095000000','RR/MM/DD HH24:MI:SSXFF'));
Insert into CHALLENGE (C_NUM,TITLE,LIMIT_MEMORY,LIMIT_TIME,UPDATED_AT,COL1,COL2,USER_NUM,PASS_NUM,CREATED_AT) values (1,'출력하기1',2000,1000,to_timestamp('20/03/26 11:55:09.912000000','RR/MM/DD HH24:MI:SSXFF'),null,null,1,20,to_timestamp('20/03/25 22:06:15.332000000','RR/MM/DD HH24:MI:SSXFF'));
Insert into CHALLENGE (C_NUM,TITLE,LIMIT_MEMORY,LIMIT_TIME,UPDATED_AT,COL1,COL2,USER_NUM,PASS_NUM,CREATED_AT) values (2,'제목',2000,2000,to_timestamp('20/03/26 11:19:24.083000000','RR/MM/DD HH24:MI:SSXFF'),null,null,1,0,to_timestamp('20/03/26 11:19:24.083000000','RR/MM/DD HH24:MI:SSXFF'));
Insert into CHALLENGE (C_NUM,TITLE,LIMIT_MEMORY,LIMIT_TIME,UPDATED_AT,COL1,COL2,USER_NUM,PASS_NUM,CREATED_AT) values (101,'새 도전과제',0,0,to_timestamp('20/04/06 09:44:04.235000000','RR/MM/DD HH24:MI:SSXFF'),null,null,3,0,to_timestamp('20/04/06 09:44:04.235000000','RR/MM/DD HH24:MI:SSXFF'));
Insert into CHALLENGE (C_NUM,TITLE,LIMIT_MEMORY,LIMIT_TIME,UPDATED_AT,COL1,COL2,USER_NUM,PASS_NUM,CREATED_AT) values (102,'새 도전과제',0,0,to_timestamp('20/04/06 09:44:08.006000000','RR/MM/DD HH24:MI:SSXFF'),null,null,3,0,to_timestamp('20/04/06 09:44:08.006000000','RR/MM/DD HH24:MI:SSXFF'));
Insert into CHALLENGE (C_NUM,TITLE,LIMIT_MEMORY,LIMIT_TIME,UPDATED_AT,COL1,COL2,USER_NUM,PASS_NUM,CREATED_AT) values (7,'gqgqgqg제목',2000,2000,to_timestamp('20/04/05 11:03:35.676000000','RR/MM/DD HH24:MI:SSXFF'),null,null,1,0,to_timestamp('20/03/26 11:19:38.746000000','RR/MM/DD HH24:MI:SSXFF'));
Insert into CHALLENGE (C_NUM,TITLE,LIMIT_MEMORY,LIMIT_TIME,UPDATED_AT,COL1,COL2,USER_NUM,PASS_NUM,CREATED_AT) values (42,'title',100000,2000,to_timestamp('20/04/04 21:46:40.735000000','RR/MM/DD HH24:MI:SSXFF'),null,null,1,0,to_timestamp('20/04/04 13:50:08.701000000','RR/MM/DD HH24:MI:SSXFF'));
Insert into CHALLENGE (C_NUM,TITLE,LIMIT_MEMORY,LIMIT_TIME,UPDATED_AT,COL1,COL2,USER_NUM,PASS_NUM,CREATED_AT) values (61,'새 도전과제',0,0,to_timestamp('20/04/04 21:45:14.384000000','RR/MM/DD HH24:MI:SSXFF'),null,null,1,0,to_timestamp('20/04/04 21:45:14.384000000','RR/MM/DD HH24:MI:SSXFF'));
Insert into CHALLENGE (C_NUM,TITLE,LIMIT_MEMORY,LIMIT_TIME,UPDATED_AT,COL1,COL2,USER_NUM,PASS_NUM,CREATED_AT) values (21,'a와 b를 더하라!',500000000,2000,to_timestamp('20/04/05 22:44:54.850000000','RR/MM/DD HH24:MI:SSXFF'),null,null,1,0,to_timestamp('20/04/01 14:11:14.620000000','RR/MM/DD HH24:MI:SSXFF'));
Insert into CHALLENGE (C_NUM,TITLE,LIMIT_MEMORY,LIMIT_TIME,UPDATED_AT,COL1,COL2,USER_NUM,PASS_NUM,CREATED_AT) values (81,'새 도전과제',0,0,to_timestamp('20/04/05 18:01:42.048000000','RR/MM/DD HH24:MI:SSXFF'),null,null,1,0,to_timestamp('20/04/05 18:01:42.048000000','RR/MM/DD HH24:MI:SSXFF'));
Insert into CHALLENGE (C_NUM,TITLE,LIMIT_MEMORY,LIMIT_TIME,UPDATED_AT,COL1,COL2,USER_NUM,PASS_NUM,CREATED_AT) values (84,'새 도전과제',0,0,to_timestamp('20/04/05 20:00:43.911000000','RR/MM/DD HH24:MI:SSXFF'),null,null,1,0,to_timestamp('20/04/05 20:00:43.911000000','RR/MM/DD HH24:MI:SSXFF'));
Insert into CHALLENGE (C_NUM,TITLE,LIMIT_MEMORY,LIMIT_TIME,UPDATED_AT,COL1,COL2,USER_NUM,PASS_NUM,CREATED_AT) values (90,'새 도전과제',0,0,to_timestamp('20/04/05 21:07:19.783000000','RR/MM/DD HH24:MI:SSXFF'),null,null,1,0,to_timestamp('20/04/05 21:07:19.783000000','RR/MM/DD HH24:MI:SSXFF'));
Insert into CHALLENGE (C_NUM,TITLE,LIMIT_MEMORY,LIMIT_TIME,UPDATED_AT,COL1,COL2,USER_NUM,PASS_NUM,CREATED_AT) values (88,'새 도전과제',0,0,to_timestamp('20/04/05 21:06:15.521000000','RR/MM/DD HH24:MI:SSXFF'),null,null,1,0,to_timestamp('20/04/05 21:06:15.521000000','RR/MM/DD HH24:MI:SSXFF'));
REM INSERTING into CHALLENGE_CASE
SET DEFINE OFF;
Insert into CHALLENGE_CASE (CASE_NUM,C_NUM,USER_NUM,CREATED_AT,UPDATED_AT,COL1,COL2) values (61,21,1,to_timestamp('20/04/05 21:06:15.524000000','RR/MM/DD HH24:MI:SSXFF'),to_timestamp('20/04/05 22:29:16.709000000','RR/MM/DD HH24:MI:SSXFF'),null,null);
Insert into CHALLENGE_CASE (CASE_NUM,C_NUM,USER_NUM,CREATED_AT,UPDATED_AT,COL1,COL2) values (63,21,1,to_timestamp('20/04/05 21:07:19.784000000','RR/MM/DD HH24:MI:SSXFF'),to_timestamp('20/04/05 22:29:39.597000000','RR/MM/DD HH24:MI:SSXFF'),null,null);
Insert into CHALLENGE_CASE (CASE_NUM,C_NUM,USER_NUM,CREATED_AT,UPDATED_AT,COL1,COL2) values (48,42,1,to_timestamp('20/04/04 18:08:19.611000000','RR/MM/DD HH24:MI:SSXFF'),to_timestamp('20/04/04 18:08:19.611000000','RR/MM/DD HH24:MI:SSXFF'),null,null);
Insert into CHALLENGE_CASE (CASE_NUM,C_NUM,USER_NUM,CREATED_AT,UPDATED_AT,COL1,COL2) values (21,21,1,to_timestamp('20/04/01 14:20:48.332000000','RR/MM/DD HH24:MI:SSXFF'),to_timestamp('20/04/01 14:20:48.332000000','RR/MM/DD HH24:MI:SSXFF'),null,null);
Insert into CHALLENGE_CASE (CASE_NUM,C_NUM,USER_NUM,CREATED_AT,UPDATED_AT,COL1,COL2) values (22,21,1,to_timestamp('20/04/01 14:24:53.244000000','RR/MM/DD HH24:MI:SSXFF'),to_timestamp('20/04/01 14:24:53.244000000','RR/MM/DD HH24:MI:SSXFF'),null,null);
Insert into CHALLENGE_CASE (CASE_NUM,C_NUM,USER_NUM,CREATED_AT,UPDATED_AT,COL1,COL2) values (23,21,1,to_timestamp('20/04/01 14:26:46.809000000','RR/MM/DD HH24:MI:SSXFF'),to_timestamp('20/04/01 14:26:46.809000000','RR/MM/DD HH24:MI:SSXFF'),null,null);
REM INSERTING into APP_USER
SET DEFINE OFF;
Insert into APP_USER (USER_NUM,EMAIL,PW,TEL,USERNAME,GENDER,ADDRESS,BIRTH,CREATED_AT,UPDATED_AT,TYPE,COL1,COL2,COL3) values (1,'test@test.com','admin1234','010-1234-5678','테스트','남','서울',to_date('00/03/06','RR/MM/DD'),to_timestamp('20/03/24 11:53:19.345000000','RR/MM/DD HH24:MI:SSXFF'),to_timestamp('20/03/24 11:53:25.250000000','RR/MM/DD HH24:MI:SSXFF'),'T',null,null,null);
Insert into APP_USER (USER_NUM,EMAIL,PW,TEL,USERNAME,GENDER,ADDRESS,BIRTH,CREATED_AT,UPDATED_AT,TYPE,COL1,COL2,COL3) values (21,'test3@test.com','qwer1234','010-1234-7896','오유동이','남','ㅎㅎ',to_date('20/04/21','RR/MM/DD'),to_timestamp('20/04/07 09:10:29.496000000','RR/MM/DD HH24:MI:SSXFF'),to_timestamp('20/04/07 09:10:29.496000000','RR/MM/DD HH24:MI:SSXFF'),'S',null,null,null);
Insert into APP_USER (USER_NUM,EMAIL,PW,TEL,USERNAME,GENDER,ADDRESS,BIRTH,CREATED_AT,UPDATED_AT,TYPE,COL1,COL2,COL3) values (3,'test2@test.com','qwer1234','010-2364-5789','test','남','하하하하하',to_date('20/04/23','RR/MM/DD'),to_timestamp('20/04/06 09:38:06.109000000','RR/MM/DD HH24:MI:SSXFF'),to_timestamp('20/04/06 09:38:06.109000000','RR/MM/DD HH24:MI:SSXFF'),'S',null,null,null);
